districtcode,highly_ineffective,ineffective,developing,effective,highly_effective
6,0,6.66666666666667,0,93.3333333333333,0
7,0,0,0,100,0
8,0,0,0,100,0
9,0,0,0,100,0
10,0,100,0,0,0
11,0,0,0,100,0
12,0,100,0,0,0
13,0,0,0,100,0
14,0,0,0,100,0
15,0,0,0,100,0
16,0,0,0,100,0
17,0,0,0,100,0
18,0,0,0,0,100
19,0,0,0,100,0
20,0,0,0,100,0
