districtcode,highly_ineffective,ineffective,developing,effective,highly_effective
6,0,0,13.3333333333333,53.3333333333333,33.3333333333333
7,0,0,0,100,0
8,0,0,100,0,0
9,0,0,100,0,0
10,0,0,0,100,0
11,0,0,100,0,0
12,0,0,0,100,0
13,0,0,100,0,0
14,0,0,0,100,0
15,0,0,0,100,0
16,0,0,0,0,100
17,0,0,0,100,0
18,0,0,0,100,0
19,0,100,0,0,0
20,0,0,0,0,100
